Ahmed;Meaad;ahmed.meaad1@gmail.com;1234567891;sharkia;Alaska;55555;Japan
Mohamed;Fathy;mohamed.fathy2@gmail.com;1234567891;dakahlia;Alaska;55555;Japan
Mahmoud;Gaber;mahmoud.gaber3@gmail.com;1234567891;gharbia;Alaska;55555;Japan
Omar;Kamal;omar.kamal4@gmail.com;1234567891;monufia;Alaska;55555;Japan
Youssef;Naguib;youssef.naguib5@gmail.com;1234567891;qalyubia;Alaska;55555;Japan
Ali;Fawzy;ali.fawzy6@gmail.com;1234567891;beheira;Alaska;55555;Japan
Khaled;Adel;khaled.adel7@gmail.com;1234567891;kafr el sheikh;Alaska;55555;Japan
Karim;Sobhy;karim.sobhy8@gmail.com;1234567891;damietta;Alaska;55555;Japan
Hassan;Ramadan;hassan.ramadan9@gmail.com;1234567891;ismailia;Alaska;55555;Japan
Sherif;Zaki;sherif.zaki10@gmail.com;1234567891;port said;Alaska;55555;Japan
Sara;Meaad;sara.meaad11@gmail.com;1234567891;suez;Alaska;55555;Japan
Mona;Fathy;mona.fathy12@gmail.com;1234567891;fayoum;Alaska;55555;Japan
Aya;Gaber;aya.gaber13@gmail.com;1234567891;beni suef;Alaska;55555;Japan
Nour;Kamal;nour.kamal14@gmail.com;1234567891;minya;Alaska;55555;Japan
Hend;Naguib;hend.naguib15@gmail.com;1234567891;assiut;Alaska;55555;Japan
Rana;Fawzy;rana.fawzy16@gmail.com;1234567891;sohag;Alaska;55555;Japan
Dina;Adel;dina.adel17@gmail.com;1234567891;qena;Alaska;55555;Japan
Fatma;Sobhy;fatma.sobhy18@gmail.com;1234567891;luxor;Alaska;55555;Japan
Salma;Ramadan;salma.ramadan19@gmail.com;1234567891;aswan;Alaska;55555;Japan
Yasmin;Zaki;yasmin.zaki20@gmail.com;1234567891;giza;Alaska;55555;Japan
Ahmed;Meaad;ahmed.meaad1@gmail.com;1234567891;sharkia;Alaska;55555;Japan
Mohamed;Fathy;mohamed.fathy2@gmail.com;1234567891;dakahlia;Alaska;55555;Japan
Mahmoud;Gaber;mahmoud.gaber3@gmail.com;1234567891;gharbia;Alaska;55555;Japan
Omar;Kamal;omar.kamal4@gmail.com;1234567891;monufia;Alaska;55555;Japan
Youssef;Naguib;youssef.naguib5@gmail.com;1234567891;qalyubia;Alaska;55555;Japan
Ali;Fawzy;ali.fawzy6@gmail.com;1234567891;beheira;Alaska;55555;Japan
Khaled;Adel;khaled.adel7@gmail.com;1234567891;kafr el sheikh;Alaska;55555;Japan
Karim;Sobhy;karim.sobhy8@gmail.com;1234567891;damietta;Alaska;55555;Japan
Hassan;Ramadan;hassan.ramadan9@gmail.com;1234567891;ismailia;Alaska;55555;Japan
Sherif;Zaki;sherif.zaki10@gmail.com;1234567891;port said;Alaska;55555;Japan
Sara;Meaad;sara.meaad11@gmail.com;1234567891;suez;Alaska;55555;Japan
Mona;Fathy;mona.fathy12@gmail.com;1234567891;fayoum;Alaska;55555;Japan
Aya;Gaber;aya.gaber13@gmail.com;1234567891;beni suef;Alaska;55555;Japan
Nour;Kamal;nour.kamal14@gmail.com;1234567891;minya;Alaska;55555;Japan
Hend;Naguib;hend.naguib15@gmail.com;1234567891;assiut;Alaska;55555;Japan
Rana;Fawzy;rana.fawzy16@gmail.com;1234567891;sohag;Alaska;55555;Japan
Dina;Adel;dina.adel17@gmail.com;1234567891;qena;Alaska;55555;Japan
Fatma;Sobhy;fatma.sobhy18@gmail.com;1234567891;luxor;Alaska;55555;Japan
Salma;Ramadan;salma.ramadan19@gmail.com;1234567891;aswan;Alaska;55555;Japan
Yasmin;Zaki;yasmin.zaki20@gmail.com;1234567891;giza;Alaska;55555;Japan
Ahmed;Meaad;ahmed.meaad1@gmail.com;1234567891;sharkia;Alaska;55555;Japan
Mohamed;Fathy;mohamed.fathy2@gmail.com;1234567891;dakahlia;Alaska;55555;Japan
Mahmoud;Gaber;mahmoud.gaber3@gmail.com;1234567891;gharbia;Alaska;55555;Japan
Omar;Kamal;omar.kamal4@gmail.com;1234567891;monufia;Alaska;55555;Japan
Youssef;Naguib;youssef.naguib5@gmail.com;1234567891;qalyubia;Alaska;55555;Japan
Ali;Fawzy;ali.fawzy6@gmail.com;1234567891;beheira;Alaska;55555;Japan
Khaled;Adel;khaled.adel7@gmail.com;1234567891;kafr el sheikh;Alaska;55555;Japan
Karim;Sobhy;karim.sobhy8@gmail.com;1234567891;damietta;Alaska;55555;Japan
Hassan;Ramadan;hassan.ramadan9@gmail.com;1234567891;ismailia;Alaska;55555;Japan
Sherif;Zaki;sherif.zaki10@gmail.com;1234567891;port said;Alaska;55555;Japan
Sara;Meaad;sara.meaad11@gmail.com;1234567891;suez;Alaska;55555;Japan
Mona;Fathy;mona.fathy12@gmail.com;1234567891;fayoum;Alaska;55555;Japan
Aya;Gaber;aya.gaber13@gmail.com;1234567891;beni suef;Alaska;55555;Japan
Nour;Kamal;nour.kamal14@gmail.com;1234567891;minya;Alaska;55555;Japan
Hend;Naguib;hend.naguib15@gmail.com;1234567891;assiut;Alaska;55555;Japan
Rana;Fawzy;rana.fawzy16@gmail.com;1234567891;sohag;Alaska;55555;Japan
Dina;Adel;dina.adel17@gmail.com;1234567891;qena;Alaska;55555;Japan
Fatma;Sobhy;fatma.sobhy18@gmail.com;1234567891;luxor;Alaska;55555;Japan
Salma;Ramadan;salma.ramadan19@gmail.com;1234567891;aswan;Alaska;55555;Japan
Yasmin;Zaki;yasmin.zaki20@gmail.com;1234567891;giza;Alaska;55555;Japan
