email,password
abdallah1_1789038454533@example.com,Test@123456
abdallah2_1789038474848@example.com,Test@123456
abdallah3_1789038494475@example.com,Test@123456
abdallah4_1789038513901@example.com,Test@123456
abdallah5_1789038533669@example.com,Test@123456
abdallah6_1789038552987@example.com,Test@123456
abdallah7_1789038572697@example.com,Test@123456
abdallah8_1789038592240@example.com,Test@123456
abdallah9_1789038611838@example.com,Test@123456
abdallah10_1789038631402@example.com,Test@123456
abdallah11_1789038651120@example.com,Test@123456
abdallah12_1789038671124@example.com,Test@123456
abdallah13_1789038690615@example.com,Test@123456
abdallah14_1789038709910@example.com,Test@123456
abdallah15_1789038729479@example.com,Test@123456
abdallah16_1789038748623@example.com,Test@123456
abdallah17_1789038768150@example.com,Test@123456
abdallah18_1789038787742@example.com,Test@123456
abdallah19_1789038807704@example.com,Test@123456
abdallah20_1789038827315@example.com,Test@123456
abdallah21_1789038846671@example.com,Test@123456
abdallah22_1789038866359@example.com,Test@123456
abdallah23_1789038885861@example.com,Test@123456
abdallah24_1789038905301@example.com,Test@123456
abdallah25_1789038924758@example.com,Test@123456
abdallah26_1789038944059@example.com,Test@123456
abdallah27_1789038963651@example.com,Test@123456
abdallah28_1789038983348@example.com,Test@123456
abdallah29_1789039002799@example.com,Test@123456
abdallah30_1789039022272@example.com,Test@123456
abdallah31_1789039041662@example.com,Test@123456
abdallah32_1789039060928@example.com,Test@123456
abdallah33_1789039080434@example.com,Test@123456
abdallah34_1789039099931@example.com,Test@123456
abdallah35_1789039119442@example.com,Test@123456
abdallah36_1789039138760@example.com,Test@123456
abdallah37_1789039158079@example.com,Test@123456
abdallah38_1789039177388@example.com,Test@123456
abdallah39_1789039196743@example.com,Test@123456
abdallah40_1789039215967@example.com,Test@123456
abdallah41_1789039235489@example.com,Test@123456
abdallah42_1789039254879@example.com,Test@123456
abdallah43_1789039274333@example.com,Test@123456
abdallah44_1789039293614@example.com,Test@123456
abdallah45_1789039313290@example.com,Test@123456
abdallah46_1789039332987@example.com,Test@123456
abdallah47_1789039352206@example.com,Test@123456
abdallah48_1789039371917@example.com,Test@123456
abdallah49_1789039391530@example.com,Test@123456
abdallah50_1789039411659@example.com,Test@123456
abdallah51_1789039431053@example.com,Test@123456
abdallah52_1789039450719@example.com,Test@123456
abdallah53_1789039470539@example.com,Test@123456
abdallah54_1789039489738@example.com,Test@123456
abdallah55_1789039509385@example.com,Test@123456
abdallah56_1789039529988@example.com,Test@123456
abdallah57_1789039549855@example.com,Test@123456
abdallah58_1789039569504@example.com,Test@123456
abdallah59_1789039589280@example.com,Test@123456
abdallah60_1789039609063@example.com,Test@123456
abdallah61_1789039628769@example.com,Test@123456
abdallah62_1789039648016@example.com,Test@123456
abdallah63_1789039667782@example.com,Test@123456
abdallah64_1789039687364@example.com,Test@123456
abdallah65_1789039706846@example.com,Test@123456
abdallah66_1789039726268@example.com,Test@123456
abdallah67_1789039745853@example.com,Test@123456
abdallah68_1789039765501@example.com,Test@123456
abdallah69_1789039785112@example.com,Test@123456
abdallah70_1789039804624@example.com,Test@123456
abdallah71_1789039824085@example.com,Test@123456
abdallah72_1789039846555@example.com,Test@123456
abdallah73_1789039865976@example.com,Test@123456
abdallah74_1789039884994@example.com,Test@123456
abdallah75_1789039904634@example.com,Test@123456
abdallah76_1789039924230@example.com,Test@123456
abdallah77_1789039943870@example.com,Test@123456
abdallah78_1789039963281@example.com,Test@123456
abdallah79_1789039982872@example.com,Test@123456
abdallah80_1789040002273@example.com,Test@123456
abdallah81_1789040021684@example.com,Test@123456
abdallah82_1789040041357@example.com,Test@123456
abdallah83_1789040060912@example.com,Test@123456
abdallah84_1789040080359@example.com,Test@123456
abdallah85_1789040099799@example.com,Test@123456
abdallah86_1789040119026@example.com,Test@123456
abdallah87_1789040138652@example.com,Test@123456
abdallah88_1789040158203@example.com,Test@123456
abdallah89_1789040177645@example.com,Test@123456
abdallah90_1789040196914@example.com,Test@123456
abdallah91_1789040216314@example.com,Test@123456
abdallah92_1789040235714@example.com,Test@123456
abdallah93_1789040255106@example.com,Test@123456
abdallah94_1789040274619@example.com,Test@123456
abdallah95_1789040294466@example.com,Test@123456
abdallah96_1789040314030@example.com,Test@123456
abdallah97_1789040333459@example.com,Test@123456
abdallah98_1789040352694@example.com,Test@123456
abdallah99_1789040372377@example.com,Test@123456
abdallah100_1789040391986@example.com,Test@123456
